{
  "@context": "http://schema.org",
  "@type": "Recipe",
  "mainEntityOfPage": "true",
  "name": "Pepper Steak",
  "author": "Diana Adcock",
  "cookTime": "PT42M",
  "prepTime": "PT10M",
  "totalTime": "PT52M",
  "datePublished": "2001-09-23T15:35Z",
  "description": "Make and share this Pepper Steak recipe from Food.com.",
  "image": "https://img.sndimg.com/food/image/upload/q_92,fl_progressive,w_1200,c_scale/v1/img/recipes/12/03/0/FOfDQtsPSESM8I0jAEob_peppersteak.jpg",
  "recipeCategory": "Meat",
  "keywords": "< 60 Mins,Stove Top",
  "recipeIngredient": [
    "1   lb    beef top round steak, cut 1 inch thick ",
    "2   teaspoons    olive oil",
    "1   medium    onion, sliced thin ",
    "2   cloves    garlic, minced ",
    "1   cup    beef broth",
    "1/4  cup    light soy sauce",
    "1/4  teaspoon    sugar",
    "1/2  teaspoon    pepper",
    "1   stalk    celery, sliced ",
    "1       green bell pepper, sliced thin ",
    "1       red bell pepper, sliced thin ",
    "1       yellow bell pepper, sliced thin ",
    "1   can    chopped tomato, drained or 2 medium tomatoes blanched,peeled and cut into wedges ",
    "2   teaspoons    cornstarch",
    "1/4  cup   cold water"
  ],
  "aggregateRating": { "@type": "AggregateRating", "ratingValue": "5.0", "reviewCount": "141" },
  "nutrition": {
    "@type": "NutritionInformation",
    "calories": "237.6",
    "fatContent": "7.3",
    "saturatedFatContent": "2",
    "cholesterolContent": "62.4",
    "sodiumContent": "1331",
    "carbohydrateContent": "12.2",
    "fiberContent": "2.4",
    "sugarContent": "3.9",
    "proteinContent": "30.1"
  },
  "recipeInstructions": [
    { "@type": "HowToStep", "text": "Slice the beef into 3 inch strips 1/4 inch wide." },
    { "@type": "HowToStep", "text": "Heat 1 T." },
    {
      "@type": "HowToStep",
      "text": "oil in skillet on medium high and add onion and garlic, stirring until onion is tender, around 4 or 5 minutes."
    },
    { "@type": "HowToStep", "text": "Remove with a slotted spoon." },
    { "@type": "HowToStep", "text": "Add remaining oil and saute the beef until browned." },
    { "@type": "HowToStep", "text": "Remove with a slotted spoon." },
    {
      "@type": "HowToStep",
      "text": "Add the broth, soy sauce, sugar and ground pepper to the skillet, stir well."
    },
    {
      "@type": "HowToStep",
      "text": "Return beef, onion and garlic to skillet and simmer for 30 minutes."
    },
    { "@type": "HowToStep", "text": "Add celery, bell pepper and tomatoes." },
    {
      "@type": "HowToStep",
      "text": "Cover and cook until celery and peppers are crisp/tender-around 5 minutes."
    },
    { "@type": "HowToStep", "text": "Dissolve the cornstarch in cold water." },
    {
      "@type": "HowToStep",
      "text": "Stir into the skillet stirring constantly until thickened around 2 minutes."
    }
  ],
  "recipeYield": "4 serving(s)",
  "review": [
    {
      "@type": "Review",
      "description": "Diana, your Pepper Steak is awesome!\r\nI was toolin through the round steak recipes and found it.  Sounded so good I had to try it.  Sure glad I did.  It's so easy to toss together and the taste is ever so yummie!  Served it over buttered noodles.  YUM!\r\nThanks for sharing.\r\nLaudee",
      "datePublished": "December 05, 2002",
      "itemReviewed": { "@type": "Thing", "name": "Pepper Steak" },
      "reviewRating": {
        "@type": "Rating",
        "worstRating": "1",
        "ratingValue": 5,
        "bestRating": "5"
      },
      "author": "Laudee"
    }
  ],
  "publisher": {
    "@type": "Organization",
    "name": "Food.com",
    "logo": {
      "@type": "ImageObject",
      "url": "https://geniuskitchen.sndimg.com/fdc-new/img/FDC-Logo.png"
    },
    "url": "https://www.food.com"
  }
}
