{
  "recipeInstructions": [
    "Preheat oven to 210C/190C fan forced. Line 2 large baking trays with baking paper.",
    "Place wraps on prepared trays. Evenly spread with tomato paste. Divide the zucchini, capsicum, tomato, beans and feta among wraps. Bake for 10-12 minutes or until golden and crisp. Sprinkle with rocket and drizzle over balsamic to serve."
  ],
  "recipeIngredient": [
    "4 x 40g wholegrain wraps",
    "90g (1/3 cup) no-added-salt tomato paste",
    "2 zucchini, thinly sliced",
    "1 yellow capsicum, deseeded, thinly sliced",
    "250g cherry tomatoes, halved",
    "125g can black beans, rinsed, drained",
    "100g Greek feta, crumbled",
    "60g baby rocket",
    "2 tsp balsamic vinegar"
  ],
  "recipeCuisine": null,
  "cookingMethod": null,
  "cookTime": "PT15M",
  "prepTime": "PT10M",
  "totalTime": "PT25M",
  "recipeYield": 4,
  "nutrition": {
    "calories": "64.69 calories",
    "fatContent": "10.0 grams fat",
    "saturatedFatContent": "5.4 grams saturated fat",
    "carbohydrateContent": "34.7 grams carbohydrates",
    "sugarContent": "8.5 grams sugar",
    "fibreContent": null,
    "proteinContent": "11.8 grams protein",
    "cholesterolContent": "22.3 milligrams cholesterol",
    "sodiumContent": "590.3 milligrams sodium",
    "@context": "https://schema.org",
    "@type": "NutritionInformation"
  },
  "aggregateRating": {
    "ratingCount": 1,
    "ratingValue": 4,
    "@context": "https://schema.org",
    "@type": "AggregateRating"
  },
  "recipeCategory": "lunch",
  "keywords": "cheese, feta, gluten allergy, lactose allergy, milk allergy, peanut allergy, sesame allergy, soy allergy, tomato, tree nut allergy, wheat allergy, zucchini, healthy, lunch, vegetarian, pizza, quick, easy",
  "name": "Easy vegetarian pizzas recipe",
  "description": "Whip together these cheat's Mediterranean pizzas for a quick and healthy lunch.",
  "datePublished": "2020-12-02",
  "dateCreated": "2020-12-02",
  "mainEntityOfPage": null,
  "dateModified": "2022-03-03",
  "author": {
    "name": "Chrissy Freer",
    "@context": "https://schema.org",
    "@type": "person"
  },
  "publisher": {
    "name": "taste",
    "logo": {
      "url": "https://www.taste.com.au/assets/static/site-logos/taste.jpg",
      "width": 450,
      "height": 112,
      "@context": "https://schema.org",
      "@type": "ImageObject"
    },
    "@context": "https://schema.org",
    "@type": "Organization"
  },
  "image": {
    "url": "https://img.taste.com.au/cZPYOQcr/taste/2020/12/easy-vegetarian-pizzas-167805-2.jpg",
    "width": 1980,
    "height": 1320,
    "@context": "https://schema.org",
    "@type": "ImageObject"
  },
  "video": {
    "name": "5348771529001-5751754471001",
    "description": "5348771529001-5751754471001",
    "thumbnailUrl": "https://img.taste.com.au/cZPYOQcr/taste/2020/12/easy-vegetarian-pizzas-167805-2.jpg",
    "uploadDate": "2018-04-06",
    "embedUrl": "http://resources.newscdn.com.au/cs/video/vjs/stable/build/index.html?id=5348771529001-5751754471001&=domain=taste",
    "contentUrl": "http://resources.newscdn.com.au/cs/video/vjs/stable/build/index.html?id=5348771529001-5751754471001&=domain=taste",
    "@context": "https://schema.org",
    "@type": "VideoObject"
  },
  "@context": "https://schema.org",
  "@type": "Recipe"
}
